<?xml version="1.0" encoding="UTF-8"?>
<java version="1.8.0_66" class="java.beans.XMLDecoder">
 <object class="java.util.ArrayList">
  <void method="add">
   <object class="model.BussinesMeeting">
    <void property="date">
     <string>2016-06-10 21:27:00.0</string>
    </void>
    <void property="description">
     <string>asd</string>
    </void>
    <void property="id">
     <int>55</int>
    </void>
    <void property="location">
     <string>asd</string>
    </void>
    <void property="title">
     <string>asdasdasd</string>
    </void>
   </object>
  </void>
  <void method="add">
   <object class="model.BussinesMeeting">
    <void property="date">
     <string>2016-06-10 21:27:00.0</string>
    </void>
    <void property="description">
     <string>asd</string>
    </void>
    <void property="id">
     <int>56</int>
    </void>
    <void property="location">
     <string>asd</string>
    </void>
    <void property="title">
     <string>asdasdasd</string>
    </void>
   </object>
  </void>
  <void method="add">
   <object class="model.BussinesMeeting">
    <void property="date">
     <string>2016-06-12 22:42:00.0</string>
    </void>
    <void property="description">
     <string></string>
    </void>
    <void property="id">
     <int>86</int>
    </void>
    <void property="location">
     <string></string>
    </void>
    <void property="title">
     <string>aaaa</string>
    </void>
   </object>
  </void>
 </object>
</java>
